-- Create the Permissions
INSERT INTO dbo.SystemPermission (PermissionId, Code, Category, Description) VALUES (10000001, 'SEARCH-TICKET-ALL', 'Search', 'Ticket - List All')
INSERT INTO dbo.SystemPermission (PermissionId, Code, Category, Description) VALUES (10000002, 'SEARCH-TICKET-LIKENUMBER', 'Search', 'Ticket - Like Number')
INSERT INTO dbo.SystemPermission (PermissionId, Code, Category, Description) VALUES (10000003, 'SEARCH-MP-QUEUE', 'Search', 'MP-Queue - All For User (No UI)')
INSERT INTO dbo.SystemPermission (PermissionId, Code, Category, Description) VALUES (10000004, 'SEARCH-TICKET-MYTICKETS', 'Search', 'Ticket - My Tickets')
INSERT INTO dbo.SystemPermission (PermissionId, Code, Category, Description) VALUES (10000005, 'SEARCH-MP-TICKETBYNUMBER', 'Search', 'MP-Ticket - By Number (No UI)')
INSERT INTO dbo.SystemPermission (PermissionId, Code, Category, Description) VALUES (10000006, 'SEARCH-MP-TICKETADVANCEDCODE', 'Search', 'MP-Ticket - By Number Advanced With Code (No UI)')
INSERT INTO dbo.SystemPermission (PermissionId, Code, Category, Description) VALUES (10000007, 'SEARCH-MP-TICKETADVANCED', 'Search', 'MP-Ticket - By Number Advanced (No UI)')
INSERT INTO dbo.SystemPermission (PermissionId, Code, Category, Description) VALUES (10000008, 'SEARCH-MP-USERRESPONSEOPEN', 'Search', 'MP-Response - Open For User (No UI)')
INSERT INTO dbo.SystemPermission (PermissionId, Code, Category, Description) VALUES (10000009, 'SEARCH-MP-RESPONSEALL', 'Search', 'MP-Response - All For User (No UI)')
INSERT INTO dbo.SystemPermission (PermissionId, Code, Category, Description) VALUES (10000010, 'SEARCH-TICKET-BYNUMBER', 'Search', 'Ticket - By Number')
INSERT INTO dbo.SystemPermission (PermissionId, Code, Category, Description) VALUES (10000011, 'SEARCH-MOBILE-TICKETBYNUMBER', 'Search', 'MOBILE-Ticket - By Number (No UI)')
INSERT INTO dbo.SystemPermission (PermissionId, Code, Category, Description) VALUES (10000012, 'SEARCH-MOBILE-TICKETADVANCED', 'Search', 'MOBILE-Ticket - By Number Advanced (No UI)')
INSERT INTO dbo.SystemPermission (PermissionId, Code, Category, Description) VALUES (10000013, 'SEARCH-MOBILE-USERRESPONSEOPEN', 'Search', 'MOBILE-Response - Open For User (No UI)')
INSERT INTO dbo.SystemPermission (PermissionId, Code, Category, Description) VALUES (10000014, 'SEARCH-MOBILE-RESPONSEALL', 'Search', 'MOBILE-Response - All For User (No UI)')
INSERT INTO dbo.SystemPermission (PermissionId, Code, Category, Description) VALUES (10000015, 'SEARCH-MOBILE-QUEUE', 'Search', 'Mobile-Queue - All For User (No UI)')
INSERT INTO dbo.SystemPermission (PermissionId, Code, Category, Description) VALUES (10000016, 'SEARCH-TICKET-SOURCECOUNTBYTYPE', 'Search', 'Reports - Counts By Source')
INSERT INTO dbo.SystemPermission (PermissionId, Code, Category, Description) VALUES (10000017, 'SEARCH-TICKET-BYID', 'Search', 'Ticket - By Id')
INSERT INTO dbo.SystemPermission (PermissionId, Code, Category, Description) VALUES (10000018, 'SEARCH-TICKET-COUNTBYSOURCE', 'Search', 'Ticket - Counts By Source')
INSERT INTO dbo.SystemPermission (PermissionId, Code, Category, Description) VALUES (10000019, 'SEARCH-TICKET-SUPERVISOR', 'Search', 'Ticket - Supervisor')
INSERT INTO dbo.SystemPermission (PermissionId, Code, Category, Description) VALUES (10000020, 'SEARCH-TICKET-CSR', 'Search', 'Ticket - By Number Or Date')
INSERT INTO dbo.SystemPermission (PermissionId, Code, Category, Description) VALUES (10000021, 'SEARCH-TICKET-BYDATE', 'Search', 'Ticket - By Date')
INSERT INTO dbo.SystemPermission (PermissionId, Code, Category, Description) VALUES (10000022, 'SEARCH-TICKET-SUSPENDEDALL', 'Search', 'SuspendedTicket - List')
INSERT INTO dbo.SystemPermission (PermissionId, Code, Category, Description) VALUES (10000023, 'SEARCH-TICKET-SUSPENDEDSUPERVISOR', 'Search', 'SuspendedTicket - Supervisor')
INSERT INTO dbo.SystemPermission (PermissionId, Code, Category, Description) VALUES (10000024, 'SEARCH-TICKET-SUSPENDEDETICKET', 'Search', 'SuspendedTicket - ETicket')
INSERT INTO dbo.SystemPermission (PermissionId, Code, Category, Description) VALUES (10000025, 'SEARCH-PERSON-DEFAULT', 'Search', 'Person - Default')
INSERT INTO dbo.SystemPermission (PermissionId, Code, Category, Description) VALUES (10000026, 'SEARCH-TICKET-COUNTBYCODECOUNTY', 'Search', 'Reports - Ticket Count - By Code with Counties')
INSERT INTO dbo.SystemPermission (PermissionId, Code, Category, Description) VALUES (10000027, 'SEARCH-PERSON-BYCONTACT', 'Search', 'Person - By Contact Type')
INSERT INTO dbo.SystemPermission (PermissionId, Code, Category, Description) VALUES (10000028, 'SEARCH-TICKETADVANCEDCODE', 'Search', 'Reports - By Number Advanced With Code')
INSERT INTO dbo.SystemPermission (PermissionId, Code, Category, Description) VALUES (10000029, 'SEARCH-TICKET-BYCODE', 'Search', 'Ticket - Ticket for Code')
INSERT INTO dbo.SystemPermission (PermissionId, Code, Category, Description) VALUES (10000030, 'SEARCH-ORG-MEMBERS', 'Search', 'Organization - Members')
INSERT INTO dbo.SystemPermission (PermissionId, Code, Category, Description) VALUES (10000031, 'SEARCH-ORG-BYNAME', 'Search', 'Organization - By Name')
INSERT INTO dbo.SystemPermission (PermissionId, Code, Category, Description) VALUES (10000032, 'SEARCH-ORG-MEMBERSBYNAME', 'Search', 'Organization - Members By Name')
INSERT INTO dbo.SystemPermission (PermissionId, Code, Category, Description) VALUES (10000033, 'SEARCH-ORG-BYCODE', 'Search', 'Organization - By Code')
INSERT INTO dbo.SystemPermission (PermissionId, Code, Category, Description) VALUES (10000034, 'SEARCH-ORG-BYTLPHONE', 'Search', 'Organization - By Ticket Lookup Phone')
INSERT INTO dbo.SystemPermission (PermissionId, Code, Category, Description) VALUES (10000035, 'SEARCH-ORG-NOPR', 'Search', 'Organization - No PR')
INSERT INTO dbo.SystemPermission (PermissionId, Code, Category, Description) VALUES (10000036, 'SEARCH-ORG-SEARCHFACILITY', 'Search', 'Organization - Members By Facility')
INSERT INTO dbo.SystemPermission (PermissionId, Code, Category, Description) VALUES (10000037, 'SEARCH-OUTPUT-BYNAME', 'Search', 'Output - By Name')
INSERT INTO dbo.SystemPermission (PermissionId, Code, Category, Description) VALUES (10000038, 'SEARCH-OUTPUT-SEARCHBYORGANIZATIONEMAIL', 'Search', 'Output - Search By Org Email')
INSERT INTO dbo.SystemPermission (PermissionId, Code, Category, Description) VALUES (10000039, 'SEARCH-QUEUE-PREPARE', 'Search', 'Queue - Preparing')
INSERT INTO dbo.SystemPermission (PermissionId, Code, Category, Description) VALUES (10000040, 'SEARCH-QUEUE-ACTIVE', 'Search', 'Queue - Active')
INSERT INTO dbo.SystemPermission (PermissionId, Code, Category, Description) VALUES (10000041, 'SEARCH-QUEUE-ACTIVEVOICE', 'Search', 'Queue - Active Voice')
INSERT INTO dbo.SystemPermission (PermissionId, Code, Category, Description) VALUES (10000042, 'SEARCH-QUEUE-DEFAULT', 'Search', 'Queue - Finalized')
INSERT INTO dbo.SystemPermission (PermissionId, Code, Category, Description) VALUES (10000043, 'SEARCH-QUEUE-FAILEDTODAY', 'Search', 'Queue - Failed Today')
INSERT INTO dbo.SystemPermission (PermissionId, Code, Category, Description) VALUES (10000044, 'SEARCH-QUEUE-FAILED', 'Search', 'Queue - Failed')
INSERT INTO dbo.SystemPermission (PermissionId, Code, Category, Description) VALUES (10000045, 'SEARCH-QUEUE-FINALWITHCODE', 'Search', 'Queue - Finalized With Code')
INSERT INTO dbo.SystemPermission (PermissionId, Code, Category, Description) VALUES (10000046, 'SEARCH-QUEUE-HANDLERCOUNT', 'Search', 'Queue - Transmission Count by Handler')
INSERT INTO dbo.SystemPermission (PermissionId, Code, Category, Description) VALUES (10000047, 'SEARCH-QUEUE-CANCELLED', 'Search', 'Queue - Cancelled')
INSERT INTO dbo.SystemPermission (PermissionId, Code, Category, Description) VALUES (10000048, 'SEARCH-QUEUE-MANUALLOG', 'Search', 'Queue - Voice Log')
INSERT INTO dbo.SystemPermission (PermissionId, Code, Category, Description) VALUES (10000049, 'SEARCH-QUEUE-AUDITWITHCODE', 'Search', 'Queue - Audit With Code')
INSERT INTO dbo.SystemPermission (PermissionId, Code, Category, Description) VALUES (10000050, 'SEARCH-QUEUE-ACIVE-AUTEMAIL', 'Search', 'Queue - Active Autoemail')
INSERT INTO dbo.SystemPermission (PermissionId, Code, Category, Description) VALUES (10000051, 'SEARCH-QUEUE-ACIVE-AUTFAX', 'Search', 'Queue - Active Autofax')
INSERT INTO dbo.SystemPermission (PermissionId, Code, Category, Description) VALUES (10000052, 'SEARCH-RESPONSE-ACTIVEBYUSER', 'Search', 'Response - Active By User')
INSERT INTO dbo.SystemPermission (PermissionId, Code, Category, Description) VALUES (10000053, 'SEARCH-RESPONSE-ACTIVE', 'Search', 'Response - Active')
INSERT INTO dbo.SystemPermission (PermissionId, Code, Category, Description) VALUES (10000054, 'SEARCH-RESPONSE-BYTICKET', 'Search', 'Response - By Ticket')
INSERT INTO dbo.SystemPermission (PermissionId, Code, Category, Description) VALUES (10000055, 'SEARCH-RESPONSE-BYNAME', 'Search', 'Response - By Name')
INSERT INTO dbo.SystemPermission (PermissionId, Code, Category, Description) VALUES (10000056, 'SEARCH-RESPONSE-BYNMDTCODE', 'Search', 'Response - Multi Options')
INSERT INTO dbo.SystemPermission (PermissionId, Code, Category, Description) VALUES (10000057, 'SEARCH-RESPONSE-BYCODE', 'Search', 'Response - By Code')
INSERT INTO dbo.SystemPermission (PermissionId, Code, Category, Description) VALUES (10000058, 'SEARCH-RESPONSE-CLOSEBYSYS', 'Search', 'Response - Closed By System')
INSERT INTO dbo.SystemPermission (PermissionId, Code, Category, Description) VALUES (10000059, 'SEARCH-NOTICE-ACTIVE', 'Search', 'Notice - Active')
INSERT INTO dbo.SystemPermission (PermissionId, Code, Category, Description) VALUES (10000060, 'SEARCH-NOTICE-DEFAULT', 'Search', 'Notice - Default')
INSERT INTO dbo.SystemPermission (PermissionId, Code, Category, Description) VALUES (10000061, 'SEARCH-PACKAGE-ACTIVE', 'Search', 'Package - Active')
INSERT INTO dbo.SystemPermission (PermissionId, Code, Category, Description) VALUES (10000062, 'SEARCH-PACKAGE-BYREF', 'Search', 'Package - By Reference')
INSERT INTO dbo.SystemPermission (PermissionId, Code, Category, Description) VALUES (10000063, 'SEARCH-PACKAGE-BYID', 'Search', 'Package - By Id')
INSERT INTO dbo.SystemPermission (PermissionId, Code, Category, Description) VALUES (10000064, 'SEARCH-ORG-BYNOTE', 'Search', 'Organization - Search By Note')
INSERT INTO dbo.SystemPermission (PermissionId, Code, Category, Description) VALUES (10000065, 'SEARCH-ORG-FORTICKETREL', 'Search', 'Organization - By Ticket Lookup Related Fields')
INSERT INTO dbo.SystemPermission (PermissionId, Code, Category, Description) VALUES (10000066, 'SEARCH-CLIENTLOG-DEFAULT', 'Search', 'Logging - Client Logs')
INSERT INTO dbo.SystemPermission (PermissionId, Code, Category, Description) VALUES (10000067, 'SEARCH-LOG-DEFAULT', 'Search', 'Logging - System Logs')
INSERT INTO dbo.SystemPermission (PermissionId, Code, Category, Description) VALUES (10000068, 'SEARCH-LOG-APITOP', 'Search', 'Logging - Sysetem Api Top')
INSERT INTO dbo.SystemPermission (PermissionId, Code, Category, Description) VALUES (10000069, 'SEARCH-TICKET-AVGTAKENTIMES', 'Search', 'Reports - CSR Ticket Handling Times - By Date')
INSERT INTO dbo.SystemPermission (PermissionId, Code, Category, Description) VALUES (10000070, 'SEARCH-TICKET-PORTALTICKETCOUNT', 'Search', 'Reports - Portal Level 3 Ticket Count - By Date')
INSERT INTO dbo.SystemPermission (PermissionId, Code, Category, Description) VALUES (10000071, 'SEARCH-TICKET-AVGTIMESPORTAL', 'Search', 'Reports - Portal Users Ticket Handling Times - By Date')
INSERT INTO dbo.SystemPermission (PermissionId, Code, Category, Description) VALUES (10000072, 'SEARCH-TICKET-EXCAVATORBYCODE', 'Search', 'Reports - Ticket Excavator ByCode')
INSERT INTO dbo.SystemPermission (PermissionId, Code, Category, Description) VALUES (10000073, 'SEARCH-TICKET-CHARTCOUNTBYDATEGRID', 'Search', 'PortalReport - Tickets By Date (grid)')
INSERT INTO dbo.SystemPermission (PermissionId, Code, Category, Description) VALUES (10000074, 'SEARCH-TICKET-CHARTCOUNTBYDATELINE', 'Search', 'PortalReport - Tickets By Date (Line)')
INSERT INTO dbo.SystemPermission (PermissionId, Code, Category, Description) VALUES (10000075, 'SEARCH-TICKET-CHARTCOUNTBYDATELINEBAR', 'Search', 'PortalReport - Tickets By Date (Bar)')
INSERT INTO dbo.SystemPermission (PermissionId, Code, Category, Description) VALUES (10000076, 'SEARCH-TICKET-CHARTCOUNTBYDATELINECOLUMN', 'Search', 'PortalReport - Tickets By Date (Column) default')
INSERT INTO dbo.SystemPermission (PermissionId, Code, Category, Description) VALUES (10000077, 'SEARCH-TICKET-CHARTCOUNTBYSOURCEGRID', 'Search', 'PortalReport - Tickets By Source (grid) ')
INSERT INTO dbo.SystemPermission (PermissionId, Code, Category, Description) VALUES (10000078, 'SEARCH-TICKET-CHARTCOUNTBYSOURCEPIE', 'Search', 'PortalReport - Tickets By Source (Pie)')
INSERT INTO dbo.SystemPermission (PermissionId, Code, Category, Description) VALUES (10000079, 'SEARCH-TICKET-CHARTCOUNTBYTYPEGRID', 'Search', 'PortalReport - Counts By Type (grid)')
INSERT INTO dbo.SystemPermission (PermissionId, Code, Category, Description) VALUES (10000080, 'SEARCH-TICKET-CHARTCOUNTBYTYPE', 'Search', 'PortalReport - Counts By Type (Pie)')
INSERT INTO dbo.SystemPermission (PermissionId, Code, Category, Description) VALUES (10000081, 'SEARCH-ORG-SERVICEAREAS', 'Search', 'Organization - Service Areas')

-- Create the Features
INSERT INTO dbo.SystemFeature (FeatureId, Name, Category, Description) VALUES (10000001, 'Ticket - List All', 'Search', 'List all tickets by id.')
INSERT INTO dbo.SystemFeature (FeatureId, Name, Category, Description) VALUES (10000002, 'Ticket - Like Number', 'Search', 'Finds tickets like the number.')
INSERT INTO dbo.SystemFeature (FeatureId, Name, Category, Description) VALUES (10000003, 'MP-Queue - All For User (No UI)', 'Search', 'Queues for a given user.')
INSERT INTO dbo.SystemFeature (FeatureId, Name, Category, Description) VALUES (10000004, 'Ticket - My Tickets', 'Search', 'Finds tickets by date for the logged in user.')
INSERT INTO dbo.SystemFeature (FeatureId, Name, Category, Description) VALUES (10000005, 'MP-Ticket - By Number (No UI)', 'Search', 'Finds tickets by id (no UI).')
INSERT INTO dbo.SystemFeature (FeatureId, Name, Category, Description) VALUES (10000006, 'MP-Ticket - By Number Advanced With Code (No UI)', 'Search', 'Finds tickets by advanced options with code.')
INSERT INTO dbo.SystemFeature (FeatureId, Name, Category, Description) VALUES (10000007, 'MP-Ticket - By Number Advanced (No UI)', 'Search', 'Finds tickets by advanced options.')
INSERT INTO dbo.SystemFeature (FeatureId, Name, Category, Description) VALUES (10000008, 'MP-Response - Open For User (No UI)', 'Search', 'Responses for a given user.')
INSERT INTO dbo.SystemFeature (FeatureId, Name, Category, Description) VALUES (10000009, 'MP-Response - All For User (No UI)', 'Search', 'Responses for a given user.')
INSERT INTO dbo.SystemFeature (FeatureId, Name, Category, Description) VALUES (10000010, 'Ticket - By Number', 'Search', 'Finds tickets by id.')
INSERT INTO dbo.SystemFeature (FeatureId, Name, Category, Description) VALUES (10000011, 'MOBILE-Ticket - By Number (No UI)', 'Search', 'Finds tickets by id (no UI).')
INSERT INTO dbo.SystemFeature (FeatureId, Name, Category, Description) VALUES (10000012, 'MOBILE-Ticket - By Number Advanced (No UI)', 'Search', 'Finds tickets by advanced options.')
INSERT INTO dbo.SystemFeature (FeatureId, Name, Category, Description) VALUES (10000013, 'MOBILE-Response - Open For User (No UI)', 'Search', 'Responses for a given user.')
INSERT INTO dbo.SystemFeature (FeatureId, Name, Category, Description) VALUES (10000014, 'MOBILE-Response - All For User (No UI)', 'Search', 'Responses for a given user.')
INSERT INTO dbo.SystemFeature (FeatureId, Name, Category, Description) VALUES (10000015, 'Mobile-Queue - All For User (No UI)', 'Search', 'Queues for a given user.')
INSERT INTO dbo.SystemFeature (FeatureId, Name, Category, Description) VALUES (10000016, 'Reports - Counts By Source', 'Search', 'Ticket counts by source type.')
INSERT INTO dbo.SystemFeature (FeatureId, Name, Category, Description) VALUES (10000017, 'Ticket - By Id', 'Search', 'Finds tickets by id.')
INSERT INTO dbo.SystemFeature (FeatureId, Name, Category, Description) VALUES (10000018, 'Ticket - Counts By Source', 'Search', 'Ticket counts by source type.')
INSERT INTO dbo.SystemFeature (FeatureId, Name, Category, Description) VALUES (10000019, 'Ticket - Supervisor', 'Search', 'Supervisor specific options.')
INSERT INTO dbo.SystemFeature (FeatureId, Name, Category, Description) VALUES (10000020, 'Ticket - By Number Or Date', 'Search', 'Finds tickets by the number or for a specific day.')
INSERT INTO dbo.SystemFeature (FeatureId, Name, Category, Description) VALUES (10000021, 'Ticket - By Date', 'Search', 'Finds tickets like the number.')
INSERT INTO dbo.SystemFeature (FeatureId, Name, Category, Description) VALUES (10000022, 'SuspendedTicket - List', 'Search', 'List all suspended tickets.')
INSERT INTO dbo.SystemFeature (FeatureId, Name, Category, Description) VALUES (10000023, 'SuspendedTicket - Supervisor', 'Search', 'List all suspended tickets with category "Supervisor".')
INSERT INTO dbo.SystemFeature (FeatureId, Name, Category, Description) VALUES (10000024, 'SuspendedTicket - ETicket', 'Search', 'List all suspended tickets with category "ETicket".')
INSERT INTO dbo.SystemFeature (FeatureId, Name, Category, Description) VALUES (10000025, 'Person - Default', 'Search', 'Finds people by last name.')
INSERT INTO dbo.SystemFeature (FeatureId, Name, Category, Description) VALUES (10000026, 'Reports - Ticket Count - By Code with Counties', 'Search', 'Ticket counts by code and county for date range')
INSERT INTO dbo.SystemFeature (FeatureId, Name, Category, Description) VALUES (10000027, 'Person - By Contact Type', 'Search', 'Select by contact type.')
INSERT INTO dbo.SystemFeature (FeatureId, Name, Category, Description) VALUES (10000028, 'Reports - By Number Advanced With Code', 'Search', 'Finds tickets by advanced options with code.')
INSERT INTO dbo.SystemFeature (FeatureId, Name, Category, Description) VALUES (10000029, 'Ticket - Ticket for Code', 'Search', 'Search for ticket by Code')
INSERT INTO dbo.SystemFeature (FeatureId, Name, Category, Description) VALUES (10000030, 'Organization - Members', 'Search', 'Filters orgianizations by type member.')
INSERT INTO dbo.SystemFeature (FeatureId, Name, Category, Description) VALUES (10000031, 'Organization - By Name', 'Search', 'Finds organizations by name.')
INSERT INTO dbo.SystemFeature (FeatureId, Name, Category, Description) VALUES (10000032, 'Organization - Members By Name', 'Search', 'Filters orgianizations by type member and name.')
INSERT INTO dbo.SystemFeature (FeatureId, Name, Category, Description) VALUES (10000033, 'Organization - By Code', 'Search', 'Finds organizations by code.')
INSERT INTO dbo.SystemFeature (FeatureId, Name, Category, Description) VALUES (10000034, 'Organization - By Ticket Lookup Phone', 'Search', 'Finds organizations by Ticket Lookup Phone Number.')
INSERT INTO dbo.SystemFeature (FeatureId, Name, Category, Description) VALUES (10000035, 'Organization - No PR', 'Search', 'Member organizations without any positive response configuration.')
INSERT INTO dbo.SystemFeature (FeatureId, Name, Category, Description) VALUES (10000036, 'Organization - Members By Facility', 'Search', 'List organizations with Codes and facilities')
INSERT INTO dbo.SystemFeature (FeatureId, Name, Category, Description) VALUES (10000037, 'Output - By Name', 'Search', 'Finds outputs by name.')
INSERT INTO dbo.SystemFeature (FeatureId, Name, Category, Description) VALUES (10000038, 'Output - Search By Org Email', 'Search', 'List outputs by organization email.')
INSERT INTO dbo.SystemFeature (FeatureId, Name, Category, Description) VALUES (10000039, 'Queue - Preparing', 'Search', 'List of records in the queue prepare table.')
INSERT INTO dbo.SystemFeature (FeatureId, Name, Category, Description) VALUES (10000040, 'Queue - Active', 'Search', 'The active queue entries.')
INSERT INTO dbo.SystemFeature (FeatureId, Name, Category, Description) VALUES (10000041, 'Queue - Active Voice', 'Search', 'The active queue entries (voice only).')
INSERT INTO dbo.SystemFeature (FeatureId, Name, Category, Description) VALUES (10000042, 'Queue - Finalized', 'Search', 'The queue filtered by date.')
INSERT INTO dbo.SystemFeature (FeatureId, Name, Category, Description) VALUES (10000043, 'Queue - Failed Today', 'Search', 'The failed items in queue today.')
INSERT INTO dbo.SystemFeature (FeatureId, Name, Category, Description) VALUES (10000044, 'Queue - Failed', 'Search', 'The failed items in queue.')
INSERT INTO dbo.SystemFeature (FeatureId, Name, Category, Description) VALUES (10000045, 'Queue - Finalized With Code', 'Search', 'The queue filtered by date with code.')
INSERT INTO dbo.SystemFeature (FeatureId, Name, Category, Description) VALUES (10000046, 'Queue - Transmission Count by Handler', 'Search', 'The number of transmissions per handler.')
INSERT INTO dbo.SystemFeature (FeatureId, Name, Category, Description) VALUES (10000047, 'Queue - Cancelled', 'Search', 'The cancelled items in queue.')
INSERT INTO dbo.SystemFeature (FeatureId, Name, Category, Description) VALUES (10000048, 'Queue - Voice Log', 'Search', 'Log entries for manual deliveries.')
INSERT INTO dbo.SystemFeature (FeatureId, Name, Category, Description) VALUES (10000049, 'Queue - Audit With Code', 'Search', 'The queue filtered by date with code and audit.')
INSERT INTO dbo.SystemFeature (FeatureId, Name, Category, Description) VALUES (10000050, 'Queue - Active Autoemail', 'Search', 'The queue active autoemail.')
INSERT INTO dbo.SystemFeature (FeatureId, Name, Category, Description) VALUES (10000051, 'Queue - Active Autofax', 'Search', 'The queue active autofax.')
INSERT INTO dbo.SystemFeature (FeatureId, Name, Category, Description) VALUES (10000052, 'Response - Active By User', 'Search', 'Active responses filtered by user.')
INSERT INTO dbo.SystemFeature (FeatureId, Name, Category, Description) VALUES (10000053, 'Response - Active', 'Search', 'Active responses.')
INSERT INTO dbo.SystemFeature (FeatureId, Name, Category, Description) VALUES (10000054, 'Response - By Ticket', 'Search', 'Active responses by Ticket')
INSERT INTO dbo.SystemFeature (FeatureId, Name, Category, Description) VALUES (10000055, 'Response - By Name', 'Search', 'Active responses by Name')
INSERT INTO dbo.SystemFeature (FeatureId, Name, Category, Description) VALUES (10000056, 'Response - Multi Options', 'Search', 'Response Multi Option')
INSERT INTO dbo.SystemFeature (FeatureId, Name, Category, Description) VALUES (10000057, 'Response - By Code', 'Search', 'Active responses by Code')
INSERT INTO dbo.SystemFeature (FeatureId, Name, Category, Description) VALUES (10000058, 'Response - Closed By System', 'Search', 'Response closed by the system for a date range.')
INSERT INTO dbo.SystemFeature (FeatureId, Name, Category, Description) VALUES (10000059, 'Notice - Active', 'Search', 'The active notice entries.')
INSERT INTO dbo.SystemFeature (FeatureId, Name, Category, Description) VALUES (10000060, 'Notice - Default', 'Search', 'Notice entries by date.')
INSERT INTO dbo.SystemFeature (FeatureId, Name, Category, Description) VALUES (10000061, 'Package - Active', 'Search', 'Shows the list of active packages.')
INSERT INTO dbo.SystemFeature (FeatureId, Name, Category, Description) VALUES (10000062, 'Package - By Reference', 'Search', 'Shows the list of packages for reference (text or number).')
INSERT INTO dbo.SystemFeature (FeatureId, Name, Category, Description) VALUES (10000063, 'Package - By Id', 'Search', 'Finds packages by id.')
INSERT INTO dbo.SystemFeature (FeatureId, Name, Category, Description) VALUES (10000064, 'Organization - Search By Note', 'Search', 'Search organizations by note SUBJ')
INSERT INTO dbo.SystemFeature (FeatureId, Name, Category, Description) VALUES (10000065, 'Organization - By Ticket Lookup Related Fields', 'Search', 'Finds organizations by fields associated with ticket lookups.')
INSERT INTO dbo.SystemFeature (FeatureId, Name, Category, Description) VALUES (10000066, 'Logging - Client Logs', 'Search', 'Client logging.')
INSERT INTO dbo.SystemFeature (FeatureId, Name, Category, Description) VALUES (10000067, 'Logging - System Logs', 'Search', 'Finds a top 100 logging.')
INSERT INTO dbo.SystemFeature (FeatureId, Name, Category, Description) VALUES (10000068, 'Logging - Sysetem Api Top', 'Search', 'Finds a top 100 logging.')
INSERT INTO dbo.SystemFeature (FeatureId, Name, Category, Description) VALUES (10000069, 'Reports - CSR Ticket Handling Times - By Date', 'Search', 'Average ticket taking times per user.')
INSERT INTO dbo.SystemFeature (FeatureId, Name, Category, Description) VALUES (10000070, 'Reports - Portal Level 3 Ticket Count - By Date', 'Search', 'Count portal ticket level 3 and updates by date.')
INSERT INTO dbo.SystemFeature (FeatureId, Name, Category, Description) VALUES (10000071, 'Reports - Portal Users Ticket Handling Times - By Date', 'Search', 'Average ticket taking times per portal user.')
INSERT INTO dbo.SystemFeature (FeatureId, Name, Category, Description) VALUES (10000072, 'Reports - Ticket Excavator ByCode', 'Search', 'Ticket excavator data by member code')
INSERT INTO dbo.SystemFeature (FeatureId, Name, Category, Description) VALUES (10000073, 'PortalReport - Tickets By Date (grid)', 'Search', 'Ticket counts per day by date.')
INSERT INTO dbo.SystemFeature (FeatureId, Name, Category, Description) VALUES (10000074, 'PortalReport - Tickets By Date (Line)', 'Search', 'Ticket counts per day by date.')
INSERT INTO dbo.SystemFeature (FeatureId, Name, Category, Description) VALUES (10000075, 'PortalReport - Tickets By Date (Bar)', 'Search', 'Ticket counts per day by date.')
INSERT INTO dbo.SystemFeature (FeatureId, Name, Category, Description) VALUES (10000076, 'PortalReport - Tickets By Date (Column) default', 'Search', 'Ticket counts per day by date.')
INSERT INTO dbo.SystemFeature (FeatureId, Name, Category, Description) VALUES (10000077, 'PortalReport - Tickets By Source (grid) ', 'Search', 'Ticket counts by source type.')
INSERT INTO dbo.SystemFeature (FeatureId, Name, Category, Description) VALUES (10000078, 'PortalReport - Tickets By Source (Pie)', 'Search', 'Ticket counts by source type.')
INSERT INTO dbo.SystemFeature (FeatureId, Name, Category, Description) VALUES (10000079, 'PortalReport - Counts By Type (grid)', 'Search', 'Ticket counts by ticket type.')
INSERT INTO dbo.SystemFeature (FeatureId, Name, Category, Description) VALUES (10000080, 'PortalReport - Counts By Type (Pie)', 'Search', 'Ticket counts by ticket type.')
INSERT INTO dbo.SystemFeature (FeatureId, Name, Category, Description) VALUES (10000081, 'Organization - Service Areas', 'Search', 'Filters organizations by type ServiceArea.')

-- Map the Permissions to Features
INSERT INTO dbo.SystemFeaturePermission (FeatureId, PermissionId) VALUES (10000001, 10000001)
INSERT INTO dbo.SystemFeaturePermission (FeatureId, PermissionId) VALUES (10000002, 10000002)
INSERT INTO dbo.SystemFeaturePermission (FeatureId, PermissionId) VALUES (10000003, 10000003)
INSERT INTO dbo.SystemFeaturePermission (FeatureId, PermissionId) VALUES (10000004, 10000004)
INSERT INTO dbo.SystemFeaturePermission (FeatureId, PermissionId) VALUES (10000005, 10000005)
INSERT INTO dbo.SystemFeaturePermission (FeatureId, PermissionId) VALUES (10000006, 10000006)
INSERT INTO dbo.SystemFeaturePermission (FeatureId, PermissionId) VALUES (10000007, 10000007)
INSERT INTO dbo.SystemFeaturePermission (FeatureId, PermissionId) VALUES (10000008, 10000008)
INSERT INTO dbo.SystemFeaturePermission (FeatureId, PermissionId) VALUES (10000009, 10000009)
INSERT INTO dbo.SystemFeaturePermission (FeatureId, PermissionId) VALUES (10000010, 10000010)
INSERT INTO dbo.SystemFeaturePermission (FeatureId, PermissionId) VALUES (10000011, 10000011)
INSERT INTO dbo.SystemFeaturePermission (FeatureId, PermissionId) VALUES (10000012, 10000012)
INSERT INTO dbo.SystemFeaturePermission (FeatureId, PermissionId) VALUES (10000013, 10000013)
INSERT INTO dbo.SystemFeaturePermission (FeatureId, PermissionId) VALUES (10000014, 10000014)
INSERT INTO dbo.SystemFeaturePermission (FeatureId, PermissionId) VALUES (10000015, 10000015)
INSERT INTO dbo.SystemFeaturePermission (FeatureId, PermissionId) VALUES (10000016, 10000016)
INSERT INTO dbo.SystemFeaturePermission (FeatureId, PermissionId) VALUES (10000017, 10000017)
INSERT INTO dbo.SystemFeaturePermission (FeatureId, PermissionId) VALUES (10000018, 10000018)
INSERT INTO dbo.SystemFeaturePermission (FeatureId, PermissionId) VALUES (10000019, 10000019)
INSERT INTO dbo.SystemFeaturePermission (FeatureId, PermissionId) VALUES (10000020, 10000020)
INSERT INTO dbo.SystemFeaturePermission (FeatureId, PermissionId) VALUES (10000021, 10000021)
INSERT INTO dbo.SystemFeaturePermission (FeatureId, PermissionId) VALUES (10000022, 10000022)
INSERT INTO dbo.SystemFeaturePermission (FeatureId, PermissionId) VALUES (10000023, 10000023)
INSERT INTO dbo.SystemFeaturePermission (FeatureId, PermissionId) VALUES (10000024, 10000024)
INSERT INTO dbo.SystemFeaturePermission (FeatureId, PermissionId) VALUES (10000025, 10000025)
INSERT INTO dbo.SystemFeaturePermission (FeatureId, PermissionId) VALUES (10000026, 10000026)
INSERT INTO dbo.SystemFeaturePermission (FeatureId, PermissionId) VALUES (10000027, 10000027)
INSERT INTO dbo.SystemFeaturePermission (FeatureId, PermissionId) VALUES (10000028, 10000028)
INSERT INTO dbo.SystemFeaturePermission (FeatureId, PermissionId) VALUES (10000029, 10000029)
INSERT INTO dbo.SystemFeaturePermission (FeatureId, PermissionId) VALUES (10000030, 10000030)
INSERT INTO dbo.SystemFeaturePermission (FeatureId, PermissionId) VALUES (10000031, 10000031)
INSERT INTO dbo.SystemFeaturePermission (FeatureId, PermissionId) VALUES (10000032, 10000032)
INSERT INTO dbo.SystemFeaturePermission (FeatureId, PermissionId) VALUES (10000033, 10000033)
INSERT INTO dbo.SystemFeaturePermission (FeatureId, PermissionId) VALUES (10000034, 10000034)
INSERT INTO dbo.SystemFeaturePermission (FeatureId, PermissionId) VALUES (10000035, 10000035)
INSERT INTO dbo.SystemFeaturePermission (FeatureId, PermissionId) VALUES (10000036, 10000036)
INSERT INTO dbo.SystemFeaturePermission (FeatureId, PermissionId) VALUES (10000037, 10000037)
INSERT INTO dbo.SystemFeaturePermission (FeatureId, PermissionId) VALUES (10000038, 10000038)
INSERT INTO dbo.SystemFeaturePermission (FeatureId, PermissionId) VALUES (10000039, 10000039)
INSERT INTO dbo.SystemFeaturePermission (FeatureId, PermissionId) VALUES (10000040, 10000040)
INSERT INTO dbo.SystemFeaturePermission (FeatureId, PermissionId) VALUES (10000041, 10000041)
INSERT INTO dbo.SystemFeaturePermission (FeatureId, PermissionId) VALUES (10000042, 10000042)
INSERT INTO dbo.SystemFeaturePermission (FeatureId, PermissionId) VALUES (10000043, 10000043)
INSERT INTO dbo.SystemFeaturePermission (FeatureId, PermissionId) VALUES (10000044, 10000044)
INSERT INTO dbo.SystemFeaturePermission (FeatureId, PermissionId) VALUES (10000045, 10000045)
INSERT INTO dbo.SystemFeaturePermission (FeatureId, PermissionId) VALUES (10000046, 10000046)
INSERT INTO dbo.SystemFeaturePermission (FeatureId, PermissionId) VALUES (10000047, 10000047)
INSERT INTO dbo.SystemFeaturePermission (FeatureId, PermissionId) VALUES (10000048, 10000048)
INSERT INTO dbo.SystemFeaturePermission (FeatureId, PermissionId) VALUES (10000049, 10000049)
INSERT INTO dbo.SystemFeaturePermission (FeatureId, PermissionId) VALUES (10000050, 10000050)
INSERT INTO dbo.SystemFeaturePermission (FeatureId, PermissionId) VALUES (10000051, 10000051)
INSERT INTO dbo.SystemFeaturePermission (FeatureId, PermissionId) VALUES (10000052, 10000052)
INSERT INTO dbo.SystemFeaturePermission (FeatureId, PermissionId) VALUES (10000053, 10000053)
INSERT INTO dbo.SystemFeaturePermission (FeatureId, PermissionId) VALUES (10000054, 10000054)
INSERT INTO dbo.SystemFeaturePermission (FeatureId, PermissionId) VALUES (10000055, 10000055)
INSERT INTO dbo.SystemFeaturePermission (FeatureId, PermissionId) VALUES (10000056, 10000056)
INSERT INTO dbo.SystemFeaturePermission (FeatureId, PermissionId) VALUES (10000057, 10000057)
INSERT INTO dbo.SystemFeaturePermission (FeatureId, PermissionId) VALUES (10000058, 10000058)
INSERT INTO dbo.SystemFeaturePermission (FeatureId, PermissionId) VALUES (10000059, 10000059)
INSERT INTO dbo.SystemFeaturePermission (FeatureId, PermissionId) VALUES (10000060, 10000060)
INSERT INTO dbo.SystemFeaturePermission (FeatureId, PermissionId) VALUES (10000061, 10000061)
INSERT INTO dbo.SystemFeaturePermission (FeatureId, PermissionId) VALUES (10000062, 10000062)
INSERT INTO dbo.SystemFeaturePermission (FeatureId, PermissionId) VALUES (10000063, 10000063)
INSERT INTO dbo.SystemFeaturePermission (FeatureId, PermissionId) VALUES (10000064, 10000064)
INSERT INTO dbo.SystemFeaturePermission (FeatureId, PermissionId) VALUES (10000065, 10000065)
INSERT INTO dbo.SystemFeaturePermission (FeatureId, PermissionId) VALUES (10000066, 10000066)
INSERT INTO dbo.SystemFeaturePermission (FeatureId, PermissionId) VALUES (10000067, 10000067)
INSERT INTO dbo.SystemFeaturePermission (FeatureId, PermissionId) VALUES (10000068, 10000068)
INSERT INTO dbo.SystemFeaturePermission (FeatureId, PermissionId) VALUES (10000069, 10000069)
INSERT INTO dbo.SystemFeaturePermission (FeatureId, PermissionId) VALUES (10000070, 10000070)
INSERT INTO dbo.SystemFeaturePermission (FeatureId, PermissionId) VALUES (10000071, 10000071)
INSERT INTO dbo.SystemFeaturePermission (FeatureId, PermissionId) VALUES (10000072, 10000072)
INSERT INTO dbo.SystemFeaturePermission (FeatureId, PermissionId) VALUES (10000073, 10000073)
INSERT INTO dbo.SystemFeaturePermission (FeatureId, PermissionId) VALUES (10000074, 10000074)
INSERT INTO dbo.SystemFeaturePermission (FeatureId, PermissionId) VALUES (10000075, 10000075)
INSERT INTO dbo.SystemFeaturePermission (FeatureId, PermissionId) VALUES (10000076, 10000076)
INSERT INTO dbo.SystemFeaturePermission (FeatureId, PermissionId) VALUES (10000077, 10000077)
INSERT INTO dbo.SystemFeaturePermission (FeatureId, PermissionId) VALUES (10000078, 10000078)
INSERT INTO dbo.SystemFeaturePermission (FeatureId, PermissionId) VALUES (10000079, 10000079)
INSERT INTO dbo.SystemFeaturePermission (FeatureId, PermissionId) VALUES (10000080, 10000080)
INSERT INTO dbo.SystemFeaturePermission (FeatureId, PermissionId) VALUES (10000081, 10000081)